name,rating,review_time,variant,comment,like_count
R***a,5,4 bulan lalu,,"barang original, kualitas bagus, suara jernih dan ngebass, segel aman, packing rapih",0
Zaky,5,7 bulan lalu,Varian: A 32 Pro,"barang di trima aman ga ada lecet dan sebagainya thx bgt buat admin xiaomi, untuk ekspedisi jne tolong yah komunikasinya dengan pihak penerima, kualitas suara yg sangat b...",6
A***h,5,11 bulan lalu,Varian: A 32 Pro,"Terbaaaeeqqqq.. Barang original Xiaomi 
kualitas pasti nya ga diragukan lagi
gambar jernih banget dan tampilan kokoh. pokokeee puoollll puuoollll puuoolll deh",2
Ahmad,5,1 bulan lalu,Varian: NEW! TV A 32 Pro 2026,"barang original, seauai dan bahkan melebihi ekspektasi. berfungsi optimal dan dapat dijalankan dengan mudah.",3
Achmad,5,8 bulan lalu,Varian: A 32 Pro,"nice packing aman,semoga awet yaa
ada garansi juga
mantap kualitas suaranya yg pro ini.
thanks seller",2
Sandy,5,9 bulan lalu,Varian: A 32 Pro,Barang original biar bintang aja yang berbicara 😁,0
A***A,5,6 bulan lalu,Varian: A 32 Pro,"barang sudah sampai, dan selamat tapi knpa aga lemot ya apa mungkin emang udah dari sananya wkwk tapi gpp",0
K***a,5,Lebih dari 1 tahun lalu,,Pengiriman aman.. sampai dg baik dan menyala dan berfungsi dg baik,8
A***n,5,Lebih dari 1 tahun lalu,,"saya sekali toko official tdk menyediakan opsi pengiriman instan, maka kami hanya bisa menunggu dagdigdug, moga baik2 saja ia wara wiri di proses perjalanan, apalagi cuma...",8
Mascatur,5,Lebih dari 1 tahun lalu,,"sesuai ekspektasi pokonya
lengkap sudah, thank you xiaomi TV",4
A***s,5,Lebih dari 1 tahun lalu,,"Barang sesuai ekspektasi... model keren, layar jernih dan tajam, test hdr warna hitam pekat... panel layar mulus tanpa bocor pixel... suara mantul bass & treble... pa...",2
A***a,5,Lebih dari 1 tahun lalu,,"masyaAllah, Tabarakallah.. saya dapat TV  Xiaomi A32 Pro dengan harga 11K

terimakasih tokped 🙏

Alhamdulillah pengiriman cepat, ga lebih dr 1 minggu. Barang di terima d...",8
sri,5,Lebih dari 1 tahun lalu,,Alhamdulillah cepet banget nyampe nya.. terimakasih seller 🫶,3
Septian,5,Lebih dari 1 tahun lalu,,"barang mantap, packing oke, next mungkin bisa order disini lagi. trims xiaomi official",2
Zaenal,5,Lebih dari 1 tahun lalu,,barang ori dan dapat garansi. kurir ramah tadi mengingatkan saya tentang paket nya. adik saya menyukai nya,9
K***a,5,Lebih dari 1 tahun lalu,,"Alhamdulillah smpe dgn selamat tv ny, mudah-mudahan tv ny bsa berfungsi dgn baik, packing oke, kurir ny juga hati² bgt anternya, makasih bnyk",8
m***d,5,Lebih dari 1 tahun lalu,,"Mantap sih ini smart tv harganya juga terjangkau. tampilan gambar juga bagus udah HD, tapi agak rada lama ya respon remote tv nya tapi bagus",4
Achmad,5,9 bulan lalu,Varian: A 32 Pro,"barang oke
kualitas oke
gambar oke
remot oke
pengiriman oke
semua oke",5
i***i,5,Lebih dari 1 tahun lalu,,"mantep, kece, cakep, canggih, tanpa perlu antena",0
R***y,5,6 bulan lalu,Varian: A 32 Pro,Sangat bagus pengiriman aman sampai luar kora,0
A***s,5,Lebih dari 1 tahun lalu,,"Barang original, packing aman meskipun tidak pakai kayu. Dari pemesanan hingga barang sampai 4hari. Lumayan bikin degdegan karna sampai lama, takut kenapa2 barangnya, tp...",8
b***s,5,Lebih dari 1 tahun lalu,,"mantap, selalu terbaik xiaomi . . . hp poco, tv xiaomi, pad poco, semua barang xiaomi . . . slay abissss. . . barang oke, kualitas oke, barang oke . . .",0
Verdian,5,Lebih dari 1 tahun lalu,,"TV ini memiliki kualitas gambar yang tajam dan suara jernih. Desainnya elegan, fitur lengkap, dan mudah digunakan. Cocok untuk hiburan keluarga. Harga sebanding dengan ku...",5
F***z,5,Lebih dari 1 tahun lalu,,lumayan lah TV buat di toko. untuk harga segini gak usah berharap banyak. kualitas baik,1
F***z,5,11 bulan lalu,,Barangnya sangat oke. Hargapun sangat bersaing . Tidak perlu gengsi yang penting kualitasnya. Semoga tidak dapat barang yang apes. Aaaaaammiiiiiiinn YRA,1
VEDA,5,2 bulan lalu,,"Aman dan sesuai deskripsi barang 😊👍
Hehe ini tv buat bapak di tempat kerjanya.",0
M***d,5,10 bulan lalu,Varian: A 32 Pro,barang original spesifikasi oke bahan material bagus kualitas gambar jos,6
Awanda,5,1 minggu lalu,Varian: NEW! TV A 32 Pro 2026,"terimakasih banyak barangnya sudah sampai dengan selamat dan diterima dengan baik, saran untuk kedepannya untuk packing menggunakan kaya karena perjalanan jauh terlalu ri...",3
Ihwan,5,4 bulan lalu,,Sudah sampai.... barang dalam kondisi baik dan aman,0
R***R,5,9 bulan lalu,Varian: A 32 Pro,Barang bagus betz. Gak nyesel beli pake pay later,0
R***i,5,6 bulan lalu,,"barang sudah diterima dengan baik, pengiriman cepat ga nyampe 3 hari.",0
Iman,5,Lebih dari 1 tahun lalu,,"barangnya sudah sampai, pengiriman cepat adminnya ramah. saran saya kepada pembeli lain adalah, bacalah deskripsi produk dengan teliti. ini  akan membantu mendapatkan pro...",5
Ayu,5,Lebih dari 1 tahun lalu,,"alhamdulillah barang ori dan bagus, suara kenceng, warna layar / kualitas gambar juga cerah. semoga awet ya. fitur normal google tv, tapi sedikit aga lemot ya kadang. gar...",15
Sri,4,2 bulan lalu,Varian: NEW! TV A 32 Pro 2026,"pengiriman baik, respon baik, coma masalah di remotnya, kecewa sih, harusnya tv baru langsung bisa digunakan harus nunggu remotenya di center xiaomi lagi, masalahnya dire...",0
Heru,5,3 bulan lalu,,"Sudah pembelian yg ke sekian kalinya, penjual sangat gercep n good response. Kiriman paket pake bubble wrap..cepet sampenya. 
Kualitas TV bagus n gampang setting nya. Smo...",2
Doddi,5,12 bulan lalu,,"barang original cepat sampai, gambar tampil baik, warna putih backlight di tengah saat dipegang pakai telapak tangan hilang, kepadatan pixel standard untuk tulisan namun...",14
Tendy,5,1 bulan lalu,Varian: NEW! TV A 32 Pro 2026,"barang ok, realpic, seller responsif, terbaik",0
S***a,5,1 bulan lalu,Varian: NEW! TV A 32 Pro 2026,"barang bagus tidak ada cacat sama sekali, hanya saja deg2an dengan pengiriman kargo... takut barang pecah, terima kasih atas pelayanannya",0
K***i,5,5 bulan lalu,,"akhirnya bisa yt an, mantap barangnya ...",3
E***i,5,Lebih dari 1 tahun lalu,,"kualitas ok, fisik mulus, muaskan banget",3
Deni,5,Lebih dari 1 tahun lalu,,barang Bagus Alhamdulilah 🥰🥰🥰,5
syaikhudin,5,6 bulan lalu,Varian: A 32 Pro,baranga original dapet garansi resmi aplikssi gampang pemasangan mudah  suara bagus design keren mantap,0
Ihsanudin,5,8 bulan lalu,Varian: A 32 Pro,"barang ORI, masih segel (lakban nggak dobel), pengiriman cepat, good seller 👍",1
M***d,5,4 minggu lalu,Varian: NEW! TV A 32 Pro 2026,"Barang sesuai deskripsi, sudah dicoba semua fungsi normal, pengiriman cepat sehari sampe, thx seller sukses selalu",2
Dedy,4,Lebih dari 1 tahun lalu,,"Klo TV setelah dicoba hidup ga masalah, hanya ternyata ga bisa ditempatkan di dinding dengan braket (ga ada buat braketnya)",3
M***M,5,5 bulan lalu,,"barang sesuai, kualitas pengirimannya oke banget dan produk sesuai dengan di deskripsi",2
Pupus,5,9 bulan lalu,,"barangnya bagus, langsung pakai dan ada garansinya",0
caca,5,7 bulan lalu,Varian: A 32 Pro,"pengiriman lama
admin slow respon
packing kurang aman
tapi pengiriman aman dan barang sesuai",1
Juniardi,5,1 bulan lalu,Varian: NEW! TV A 32 Pro 2026,"barang sdh sampai, mantap, barang sesuai spek, mudah2an awet, terima kasih Xiaomi Indonesia",0
I***n,5,1 bulan lalu,Varian: NEW! TV A 32 Pro 2026,"barang sampe aman, belum ada masalah. mudah mudahan awet",1
Dio,5,Lebih dari 1 tahun lalu,,"Tv berfungsi dengan baik, semua normal, layar bagus kualitas suara juga bagus.",2
y***o,5,Lebih dari 1 tahun lalu,,"Proses pengiriman cepat, barang diteriman aman ditujuan. Barang mantap sesuai deskripsi ...",1
D***e,5,Lebih dari 1 tahun lalu,,"barang datang dengan baik,meski packing seadanya tapi aman ga ada yang lecet,pengirimannya juga cepat thanks all",7
Dani,5,Lebih dari 1 tahun lalu,,"TV sudah diterima dengan baik, aman dan selamat. 
pengiriman super cepat, kualitas ori. 
TV berfungsi dengan baik. 
yang lagi nyari TV rekomendasi disini saja
Terimakasih",2
y***o,5,Lebih dari 1 tahun lalu,,"pengiriman cepat, barang diterima utuh sesuai deskripsi....blm dicoba smg berfungsi baik dan awet",0
D***a,5,Lebih dari 1 tahun lalu,,"Opsi Google TV perfotma tinggi dengan harga terjangkau, pantas saja laris. Meskipun warna layarnya kurang keluar dibandingkan TCL atau Cooca, suara speakernya sangat mant...",1
Patrizzia,5,Lebih dari 1 tahun lalu,,"packing aman, barang ga ada lecet, semua berfungsi.",1
Vida,5,Lebih dari 1 tahun lalu,,"Barang original, pengiriman aman, pemasangan mudah",1
mufid,5,Lebih dari 1 tahun lalu,,barang sampai dengan selamat dan berfungsi dengan baik sesuai deskripsi,5
Mochamad,5,Lebih dari 1 tahun lalu,,"Barang Original, berfungsi dengan baik sesuai dengan spesifikasi, sempat kecewa karena paket gagal kirim selama 2 hari dikarenakan kurir, tapi sampai di rumah tepat waktu...",21
M***d,5,Lebih dari 1 tahun lalu,,Barang bagus pengiriman cepat,0
Edisuyitno,5,Lebih dari 1 tahun lalu,,"barang ori 
mantap joss pokonya
pengiriman juga cepet",1
isa,5,11 bulan lalu,,"semoga tahan lama. 
seller respon kilat. segera dikirim.",1
malika,5,Lebih dari 1 tahun lalu,,"barang aman, pesan senin datang jumat, thank you",5
E***h,5,Lebih dari 1 tahun lalu,,"mantap tv nya
sesuai expektasi 
thanks owner",0
Ghufron,5,10 bulan lalu,Varian: A 32 Pro,"pengiriman aman, bagus suara nya n lumayan kenceng berasa nonton bioskop. ini tv ke 2 beli xiomi tv 7 th lalu beli sampe sekarang masih awet ga ada msalh",6
F***l,5,3 minggu lalu,Varian: NEW! TV A 32 Pro 2026,Sampai dengan Selamat. Packing Minimalis.,0
Moch,5,11 bulan lalu,,"barang sudah sampai,alhamdulillah masih aman dan lancar,layar nya jernih,semuanya masih lancar,makasih",0
J***o,5,4 bulan lalu,,"barang ok pasangnya cepat,loginnya mudah,kartu garansinya ga ada,proses pengirimannya lama..proses tokonya cepat respon",1
sulaeman,5,4 bulan lalu,,"kurir nya J&T PHP . ,untuk TV cukup lah walaupun agak lama loading nya over all good dengan harga nya yang cukup terjangkau",0
ASEP,5,4 bulan lalu,,"Pengiriman aman & cepat, barang ok. recomended buat yg nyari google tv.",4
A***d,5,Lebih dari 1 tahun lalu,,"Barang super mantap, spesifikasi oke",1
Maulud,5,2 bulan lalu,Varian: NEW! TV A 32 Pro 2026,Terbukti layarnya memang lebih bagus dibanding yang seri sebelumnya. Diterima dalam kondisi baik meski tanpa packing kayu.,0
Firdaus,5,8 bulan lalu,Varian: A 32 Pro,"Barang original, gambar halus, suara jernih, good product price and services, pertahanka",0
R***d,5,11 bulan lalu,Varian: A 32 Pro,"Mantabbb, pengiriman cepat. Barang diterima dengan baik, proses cepat juga. Sukses selalu gan.....",0
M***D,5,2 bulan lalu,Varian: NEW! TV A 32 Pro 2026,barang sudah sampai dan berfungsi dengan baik dan pengiriman barang cepat harga murah,0
b***o,5,2 bulan lalu,Varian: NEW! TV A 32 Pro 2026,Barangnya dikemas dgn baik dan dikirimkan lebih cepat.,0
Jabbar,5,1 bulan lalu,Varian: NEW! TV A 32 Pro 2026,"udh nyampe, baru bisa kasih ulasan bbrp hari soalnya buat nyoba dulu, tpi untung aman nggk ada impact sedikitpun👍🏻",0
arifin,5,11 bulan lalu,Varian: A 32 Pro,"mantap, barang sampai dan dapat digunakan, selamat sampai lokasi, berfungsi dengan baik",2
Yuyus,5,2 bulan lalu,Varian: NEW! TV A 32 Pro 2026,barang bagus.suara baguss... syang ga ada bonus...,2
Syaeful,5,5 bulan lalu,,"Barang sesuai deskripsi pelayanan penjual responsif pengiriman barang mantap,packing standard.",0
ecko,5,5 bulan lalu,,"pengiriman cepat,tv jernih.hanya saja channel grup MNC gak dapat",0
Arnaz,5,6 bulan lalu,,"Google TV yang sangat OK. Semua berfungsi dengan baik, pengiriman super cepat dan aman.",0
Bella,5,1 bulan lalu,Varian: NEW! TV A 32 Pro 2026,"Ori, pengiriman agak lama karena menjelang lebaran. Paket numpuk pastinya. Barang sampai dengan kondisi baik, nggak ada lecet / rusak. Thanks seller",0
T***h,5,7 bulan lalu,Varian: A 32 Pro,"paket datang lengkap,lebih cepat dari estimasi,sudah di pasang semua berjalan dengan sesuai",0
Eko,5,5 bulan lalu,,"barang ORI dan berpungsi buat toko nya mantap, kurir nya bagus biar ga pake paking kayu barang dikirim mulus ga ada cacat,",0
f***k,5,11 bulan lalu,Varian: A 32 Pro,"barang berfungsi dengan baik 

nb:penjual slow respon",1
Aditya,5,Lebih dari 1 tahun lalu,,Barang sesuai dan kondisi baik🙏,0
A***i,5,1 bulan lalu,Varian: NEW! TV A 32 Pro 2026,"Alhamdulillah,, barang sudah sampai,, terimakasih xiaomi",0
Ibnu,5,9 bulan lalu,Varian: A 32 Pro,"Mantaaapz 🤩👍👍👍,,, walau sedikit agak bingung waktu pertama kali setting nya tapi setelah liat YouTube bingung nya ilang 🤭",1
R***o,5,10 bulan lalu,Varian: A 32 Pro,produk sesuai gambar dan spesifikasi yg lumayan dengan harga teejangkau,0
F***l,5,3 hari lalu,Varian: NEW! TV A 32 Pro 2026,"maaf baru kasih ulasan min..
barang sampai dgn aman walau tdk TDK ada palet kayu
barang sudah di coba dan berpungsi dgn baik",0
Suherdi,5,5 bulan lalu,,"Barang sampai udah tes bisa tp gak bagus, katanya smart tv tp tv nya malah T*LOL remot nya dipencet gak pindah2 mesti tunggu 5 smp 15 menit baru respon tv nya kl pencet r...",0
Toni,5,2 bulan lalu,,"Makasih ya BossQue, salam kenal ya...
Siapa tahu BossQue mau beli mobil 🙏",0
Dwi,5,9 bulan lalu,,alhamdulillah sesuai dengan ekspektasi makasih ya semoga awet,0
Deviana,5,10 bulan lalu,Varian: A 32 Pro,"brg original, baguss sesuai produk, thankyou seller",2
Irphaanputra,5,1 bulan lalu,Varian: NEW! TV A 32 Pro 2026,"Barangnya mendarat dengan selamat. Ini bagus bngt makan bgtt, pasangannya juga gampangg",0
Rahayuning,5,2 bulan lalu,Varian: NEW! TV A 32 Pro 2026,tv datang wrapp buble. rapi. sudah di tes berfungsi baik. mantap,0
Rival,5,6 bulan lalu,Varian: A 32 Pro,"pengemasan lumayan baik
barang smpai dengan selamat",0
Miftahul,5,1 bulan lalu,Varian: NEW! TV A 32 Pro 2026,"Gimana ya, awalnya was was karna barang nggak packing kayu. ternyata packing kardus bawaan aja aman 😂. 

mau appreciate ke expedisinya. cepat sampe pake j&t cargo, w...",1
J***i,5,2 minggu lalu,Varian: NEW! TV A 32 Pro 2026,"berfungsi dengan baik, semoga awet sementahun yaaa,
terimakasih xiaomi.",2
Muhammad,5,Lebih dari 1 tahun lalu,,"barang mendarat dengan aman, barang aman tidak ada kendala, makasih seller tokped",1
Achmad,5,Lebih dari 1 tahun lalu,,TV murah meriah di kelasnya. sesuai expetasi dan harapan,1
t***a,5,Lebih dari 1 tahun lalu,,Terima kasih barang sudah tiba dengan baik dan sesuai pesanan. bagus,0
Irfan,5,Lebih dari 1 tahun lalu,,"barang sudah, cek pisik oke, belum coba test nyala karena belum sempet",3
zainu,5,Lebih dari 1 tahun lalu,,"Kualitas fisik oke lah dengan range harga segitu, kalo internal warnanya aja kurang tajem kayak nanggung",0
Yudisthira,5,Lebih dari 1 tahun lalu,,"Pengiriman cepat dan aman. 
Selalu puas dgn xiaomi tv.",0
Slamet,5,Lebih dari 1 tahun lalu,,bagus dan mantap dach. alhamdulillaah dpt harga promo.,0
A***i,5,Lebih dari 1 tahun lalu,,"Mantap pokoknya. Kualitasnya okey, bahanya okey , ukuran sesuai, garansi terjamin.",0
A***y,5,Lebih dari 1 tahun lalu,,alhamdulullah barang berfungsi dgn baik. semoga awet.,0
Bani,5,Lebih dari 1 tahun lalu,,baguss.. pengiriman juga cepet 1 hari langsung sampai respon seller juga baik,4
Liswarti,5,Lebih dari 1 tahun lalu,,"alhamdulilah paketnya udh sampe sesuai  pesanan ,tv berfungsi dgn baik  mantap puas belanja di toko ini ,terimakasih seker dan kurir yg amanah",1
R***a,5,Lebih dari 1 tahun lalu,,barang sangat bagus original adabgaransi juga thanks xiaomi the best,1
Fredi,5,Lebih dari 1 tahun lalu,,"keren, barang diterima dengan baik, aman...
semoga awet.",0
Veriana,5,Lebih dari 1 tahun lalu,,"Kualitas gambar jernih, suaranya mantap.. Barang sampai dengan selamat, pengiriman cepat.. alhamdulillah wishlist punya tv xiaomi terkabul.. terimakasih seller 👍",2
I,5,Lebih dari 1 tahun lalu,,kualitas bagus dengan harga affordable. semoga awet. Thank You,0
A***t,5,Lebih dari 1 tahun lalu,,"Bagus di harganya, kemaren beli yg A Pro 43 Qled warnanya bagus banget, ini yg 32 sayang belum ada yg led tapi gapapa asal warnanya masih ok",1
Atmanto,5,Lebih dari 1 tahun lalu,,"Barang aman mantap tidak lecet, meskipun pengiriman agak terlambat tapi tetap memuaskan, fitur2 berfungsi semua, thanks 🙏",2
a***s,5,Lebih dari 1 tahun lalu,,"Barang diterima dg baik, ga cacat dan ga pecah ataupun lecet walaupun packing hanya bubblewrap aja. Mungkin kedepannya bisa pakai packing kayu supaya lebih aman, ga khawa...",0
R***n,5,Lebih dari 1 tahun lalu,,pengiriman sangat cepat dan barangnya original keren pokok Xiaomi the best,0
C***z,5,Lebih dari 1 tahun lalu,,"Barang Original, Pengiriman Aman tp bikin degdegan karena cm pakai bubble wrap, Bisa chat Admin untuk memastikan.
Kualitas Gambar Standar, lebih bagus lg jika sudah FHD....",5
R***i,5,Lebih dari 1 tahun lalu,,"barang original, bagus, cuma minus di pengiriman aja lama",0
setia,5,Lebih dari 1 tahun lalu,,"***************************************
________
***********************************************************************
________


Nasi kebuli kini menjadi salah satu me...",0
I***k,5,Lebih dari 1 tahun lalu,,Segel rapih packing aman barang nya bagus kelengkapan oke,0
Fauzan,5,Lebih dari 1 tahun lalu,,"mantap pengiriman satset bgt coyyyyy, kualitas gausah diragukan",0
Achmad,5,Lebih dari 1 tahun lalu,,"mantap pelayanan cepat sehari sampai, garcep seler",1
M***a,5,Lebih dari 1 tahun lalu,,"barang original, pengiriman cepat, tv nya aman sampe rumah",1
F***r,5,Lebih dari 1 tahun lalu,,"Original, pengiriman pakai cargo yang bebas ongkir masih aman karena dilapisi Bubble wrap. Sudah dicoba berfungsi dengan baik. Seller fast response, malam order langsung...",1
Michael,5,Lebih dari 1 tahun lalu,,"TV nya keren banget, suaranya juga mantep. Pengiriman nya aman pakai Kargo AnterAja.",1
Salma,5,Lebih dari 1 tahun lalu,,"Barang aman sewaktu sampai meskipun hanya packing kardus saja, tidak ada reject, tv juga lancar jalannya. 

Gambar jernih, suara cukup besar meskipun tingkat volume yang...",8
Lasti,5,Lebih dari 1 tahun lalu,,"Pengiriman 2x24 jam
packing bubble wrap, 


kualitas okee... 
mantappp xiaomi mantappp tokped",0
Luky,5,Lebih dari 1 tahun lalu,,"pesanan sampai tujuan dengan selamat... 
barang original, pengiriman cepat",5
A***d,5,Lebih dari 1 tahun lalu,,"Terimakasih sampe dengan selamat mudah2an TVnya awet, kurirnya juga baik banget untuk anternya. Terimakasih xiaomi store",1
Coleboy,5,Lebih dari 1 tahun lalu,,"Hoki banget dapat flash sale 11.11 di harga 11rb, ongkir 130rb lewat anter aja. Kirain di kirim pakai kargo, tapi malah pakai kurir biasa. TV di terima dgn keadaan baik,m...",20
Choirul,5,Lebih dari 1 tahun lalu,,"Affordable, intuitif, cepet. Mungkin kedepannya bisa dengan lebih dari 60hz",4
A***a,5,Lebih dari 1 tahun lalu,,"TV nya bagus langsung berfungsi, pelayanannya terbaik gercep banget, mantab 👍",0
I***y,5,6 bulan lalu,Varian: A 32 Pro,"sesuai pesann aman smpai disini 
semoga awet lah ya",1
Lukman,5,4 minggu lalu,Varian: NEW! TV A 32 Pro 2026,sampai dengan selamat n aman. reapon cepat. bismillah bisa awet,0
Nur,5,9 bulan lalu,Varian: A 32 Pro,"Bagus, produk aman, pengiriman cepat, semoga awet",0
Gilang,5,4 bulan lalu,,mantap sesuai pesanan. proses pengiriman jg cepat,0
Hyura,5,Lebih dari 1 tahun lalu,,mantapp pengiriman aman dan selamat sampai tujuan,2
a***l,5,Lebih dari 1 tahun lalu,,keren sekali tv nya terima kasih xiaomi indonesia,2
w***i,5,Lebih dari 1 tahun lalu,,"mantap. 
barang di kirim sampai rumah dengan aman",1
Dimasfariznugroho,5,Lebih dari 1 tahun lalu,,"seller responsif, pengiriman cepat, packing aman",1
Agung,5,Lebih dari 1 tahun lalu,,barangbya bagus sekali dan berfungsi dengan baik,0
Victor,5,Lebih dari 1 tahun lalu,,"barang bagus, pengiriman cepat, pelayanan ramah.",1
R***a,5,Lebih dari 1 tahun lalu,,"mantap barang nya, Spek nya sesuai yang Dateng , tidak ada kendala dan kerusakan",2
Rio,5,11 bulan lalu,,"Barangnya bagus, sesuai, mudah disetting, layar jernih dan bagus, warna mantap, semoga awet.",2
Muhamad,5,Lebih dari 1 tahun lalu,,barang original dan berfungsi dengan baik packing nya juga rapih dan aman terimakasih,2
d***m,5,11 bulan lalu,,bagus. untuk harga sejutaan sudah melebihi ekspektasi. semua fitur berfungsi dengan baik. tv nya lancar di gunakan gak lemot,4
A***A,5,5 bulan lalu,,"barang bagus, pengiriman aman, dan cepat sampai",0
s***h,1,Lebih dari 1 tahun lalu,,"kecewaa berat pertama kali beli tv Xiaomi dapat beberapa hari pakai tiba tiba layarnya bergelombang gitu, pas datang ke service center garansi hangus alias udah void dan...",5
Ahmad,5,Lebih dari 1 tahun lalu,,"barang bagus, pengiriman cepat, pengemasan aman",0
Yayan,5,10 bulan lalu,Varian: A 32 Pro,barang original pengiriman cepat garansi resmi,1
F***n,5,Lebih dari 1 tahun lalu,,"barang datang dengan aman, mantap, semoga awet",1
j***s,5,9 bulan lalu,Varian: A 32 Pro,"barang original xiaomi, multimedia. paket rapi",0
L***u,5,2 bulan lalu,Varian: NEW! TV A 32 Pro 2026,Warna lebih bagus dari merek lain yang seharga,1
eni,5,Lebih dari 1 tahun lalu,,original pengiriman cepet recomended pokoknya,0
Lucky,5,5 bulan lalu,,TV nya bagus datang dengan aman sampe tujuan,1
T***i,5,Lebih dari 1 tahun lalu,,"barangnya bagus dan ok,  pengirimana cepat,,",0
Ilham,5,9 bulan lalu,Varian: A 32 Pro,Alhamdulillah berfungsi semuanya dan bagusss,2
rian,5,8 bulan lalu,Varian: A 32 Pro,barang berfungsi baik sangat bagus sekali ya,2
H***n,5,Lebih dari 1 tahun lalu,,"terimakasih seller, terimakasih Tokopedia.",0
Yuda,5,Lebih dari 1 tahun lalu,,"barang berfungsi dgn baik, semoga awet deh",0
Aurelie,5,2 minggu lalu,Varian: NEW! TV A 32 Pro 2026,barang sampai dengan selamat tv nya kereen,2
F***i,5,1 bulan lalu,Varian: NEW! TV A 32 Pro 2026,barang diterima dengan baik. layar jernih,0
k***t,5,Lebih dari 1 tahun lalu,,"mantaaap & cepaaaat, makasiih kak👍",0
Angga,5,10 bulan lalu,Varian: A 32 Pro,alhamdulillah lancar dan normal moga awet,0
A***l,5,1 bulan lalu,Varian: NEW! TV A 32 Pro 2026,barang original dan lengkap. terimakasih,0
Abdul,5,4 bulan lalu,,barang original packing rapi dan aman.,0
H***o,5,5 bulan lalu,Varian: A 32 Pro,"mantul tul tul tul 
👍👍👍👍👍",1
Yongki,5,Lebih dari 1 tahun lalu,,barang original dan berfungsi dgn baik.,2
Sularto,5,Lebih dari 1 tahun lalu,,bagus sesuai diskripsi dan packing rapi,0
Rizky,5,5 bulan lalu,,"mantap barang sesuai,",2
Topan,5,8 bulan lalu,Varian: A 32 Pro,"barang sesuai, packing ok. semoga awet",2
Ali,5,Lebih dari 1 tahun lalu,,"thanks minnn, cepat sampai semoga awet",2
S***h,4,Lebih dari 1 tahun lalu,,Tv nya udh smpe alhamdulillah sampe dgn selamat meskipun rada ngeri karna packingnya cuma pake BW udh gitu sm kurir dibawa pake motor bkn pake mobil pdhl pake yg cargo se...,5
Ikbar,5,4 bulan lalu,,"Terima kasih, semoga awet selalu...",0
F***a,5,Lebih dari 1 tahun lalu,,"Semoga awet, Ukuran nya 32inch pas",0
Iriantosutraguna,4,Lebih dari 1 tahun lalu,,brg sdh tiba dan sesuai dg yg dibic kan..mks kk,1
D***n,5,10 bulan lalu,Varian: A 32 Pro,barang sangat mantap dan original,1
Sukron,5,Lebih dari 1 tahun lalu,,semoga awaet..pengiriman cepat..,1
S***N,5,1 bulan lalu,Varian: NEW! TV A 32 Pro 2026,barang sampai dengan selamat .,0
a***i,1,Lebih dari 1 tahun lalu,,"barang pecah saat pengiriman, pihak Xiaomi tidak bertanggungjawab, pihak Tokopedia, kurir dan asuransi sudah oke, tapi pihak Xiaomi NOL, LEPAS TANGAN.",16
Rendi,5,1 minggu lalu,Varian: NEW! TV A 32 Pro 2026,barang mantap menyala abangku,0
f***l,5,Lebih dari 1 tahun lalu,,barang ORI pengiriman cepat,0
Teratri,5,10 bulan lalu,Varian: A 32 Pro,Mantap aman sampai tujuan.,0
Muh,5,1 bulan lalu,Varian: NEW! TV A 32 Pro 2026,Alhamdulillah bagus tv nya,1
R***a,5,Lebih dari 1 tahun lalu,,"mantull cepet  asik
jos",1
A***d,5,Lebih dari 1 tahun lalu,,barang bagus n original,2
El,5,1 minggu lalu,Varian: NEW! TV A 32 Pro 2026,pengiriman cepat. tv ok,4
Muhammad,5,11 bulan lalu,Varian: A 32 Pro,bagus bgt memang xiaomi,0
Rafsanzani,5,Lebih dari 1 tahun lalu,,diterima sesuai pesanan,0
Barito,5,Lebih dari 1 tahun lalu,,Barang bagus dan murah,0
M***t,5,3 minggu lalu,Varian: NEW! TV A 32 Pro 2026,Berfungsi dengan baik!,0
w***a,5,Lebih dari 1 tahun lalu,,Masyaallah semoga awet,0
Fajar,5,Lebih dari 1 tahun lalu,,packing aman bangetttt,0
Hery,5,8 bulan lalu,Varian: A 32 Pro,mantap...kondisi aman,1
Citra,5,Hari ini,Varian: NEW! TV A 32 Pro 2026,Sesuai deskripsi,0
V***i,5,Lebih dari 1 tahun lalu,,mantap smpenya cepet banget .. semoga gada kendala,0
Rachmat,5,1 bulan lalu,Varian: NEW! TV A 32 Pro 2026,darangvsesuai prediksi. belum dibuka karena untuk hadiah ulang tahun,0
Tatang,5,Lebih dari 1 tahun lalu,,okokokokokokokokokokokokokokokokokokokokokokokokokokok.....,4
Ade,5,7 bulan lalu,Varian: A 32 Pro,"oke boskuh, barang sdh nyampe dan aesuai otderan. tq",0
sugeng,5,Lebih dari 1 tahun lalu,,"barang bagus sesuai pesanan dan pengiriman juga cepat dan aman,semoga tv nya awet",0
Fajar,5,Lebih dari 1 tahun lalu,,"TV nya bagus, kurir juga cepet. Keren sih harga segini dapet google tv",0
Farhan,5,Lebih dari 1 tahun lalu,,"barang sampai dengan selamat, kurir extra cepet. mantep pokonya.",0
Clement,5,Lebih dari 1 tahun lalu,,"Barang Ok, sesuai dengan deskripsi. Namun kurir yang dipakai untuk pengiriman lambat",0
D***n,5,Lebih dari 1 tahun lalu,,"Barang datang ditujuan dengan aman, penggunaan tidak ngelag, tetapi kualitas gambar kurang tajam overall keren dah",0
R***e,5,Lebih dari 1 tahun lalu,,"Paket sampai dengan baik, barang berfungsi sebagaimana mestinya",0
Taufiq,5,Lebih dari 1 tahun lalu,,"barang mantap, pengiriman cepat, admin responsif...",0
Thomas,5,Lebih dari 1 tahun lalu,,"Bagus TV nya, harga terbaik, packing aman dan pengiriman lancar",0
Yopan,5,Lebih dari 1 tahun lalu,,"Sesuai dengan pesanan gambar jernih, pemgiriman sangat cepat Terimakasih.",0
Rudy,5,Lebih dari 1 tahun lalu,,"barang sesuai diskripsi, seller official agak kurang gercep kirim nya",0
Rachmad,5,Lebih dari 1 tahun lalu,,"TV Xiaomi bagus. Banyak kena chanel TV nya.
Aplikasi Netflix saya pakai untuk nonton film. Normal dan bagus.",0
Bagas,5,Lebih dari 1 tahun lalu,,"sampai dengan selamat berfungsi dengan baik , nice xiaomi tv",0
K***n,5,Lebih dari 1 tahun lalu,,"barang ori, bagus, layar jernih, suara bagus bngt kaya di bioskop",0
c***a,5,Lebih dari 1 tahun lalu,,"bardng asli, proses dan pengiriman cepat packing aman dan berfungsi dg baik",0
JAENAL,5,Lebih dari 1 tahun lalu,,"Barang sesuai dengan spesifikasi yang dicantumkan, sangat amanah..... Semoga tidak ada kendala
MANTAP👍👍👍👍👍👍👍",0
Yahya,5,Lebih dari 1 tahun lalu,,"Barang original, cepat juga pengiriman. Mantapp shipper dan ekspedisinya",0
teguh,5,Lebih dari 1 tahun lalu,,"kualitas bagus, suara jernih, barang sampai dengan selamat, meskipun tanpa packing kayu, semoga awet,",1
khoirul,5,Lebih dari 1 tahun lalu,,"barang aman sampai tujuan, original, Alhamdulillah bagus juga 👍",0
I***m,5,Lebih dari 1 tahun lalu,,sempat mau ambil merk sebelah setelah lihat berbagai review akhirnya yakin beli ini,1
p***a,5,Lebih dari 1 tahun lalu,,"Mantap, akan update bintang setelah sebulan ga ada masalah",5
abu,5,Lebih dari 1 tahun lalu,,Oya klo buat tv digital harus pake set box ga yah🙏,0
Antonius,5,Lebih dari 1 tahun lalu,,Proses kirimnya sedikit drama tapi puas dengan customer servicenya!! Makasih banyak barang sampai dengan selamat dan tepat waktu🫶🏻,0
Ridwan,5,Lebih dari 1 tahun lalu,,"packing aman, suara dan gambar ciamik, overall bagus, thanks",0
Nugroho,5,Lebih dari 1 tahun lalu,,mantapppp cepat secepat kilat dan barang berfungsi,0
N***a,5,Lebih dari 1 tahun lalu,,"Pengiriman cepat , kualitas bagus , CS nya gercep . Bikin nyaman belanja nya .. puaaassss",0
razi,5,Lebih dari 1 tahun lalu,,barang terpacking rapih dan berfungsi sesuai iklannya..,0
mig,5,Lebih dari 1 tahun lalu,,"produknya bagus, tidak ada kendala, gampang settingnya, jernih",0
Ata,5,Lebih dari 1 tahun lalu,,"cepet banget sampe nya... TV nya baguuuuus... thanks seller, thanks mas kurir..",0
Ardianto,5,Lebih dari 1 tahun lalu,,"barang original Xiaomi 
sampe Dengan aman dan tidak ada kendala Alhamdulillah 
terimakasih",0
Susan,5,Lebih dari 1 tahun lalu,,Barang original dan diterima dgn baik. Sudah dicoba dan berfungsi dgn baik.,0
N***N,5,Lebih dari 1 tahun lalu,,"layar tdk setajam ssg or lg,tp cukup ok,suara jg ok",0
J***i,5,7 bulan lalu,Varian: A 32 Pro,jos mantap pol,0
Aydier,5,9 bulan lalu,Varian: A 32 Pro,"Barang dh sampai dengan baik dan berfungsi
terimakasih untuk kurirnya",1
Haryoko,5,9 bulan lalu,Varian: A 32 Pro,"Barang sudah sesuai deskripsi, aman tiba di tujuan. Terima kasih",0
Dian,5,9 bulan lalu,Varian: A 32 Pro,barang sudah diterima walaupun sayang waktu delivery nya lambat sekali... mudah2an jd bahan perbaikan ke depan nya...,0
Tri,5,5 bulan lalu,,"mantap, barang original ekspedisi ok banget dan bergaransi",0
Yono,5,7 bulan lalu,Varian: A 32 Pro,"barang sesuai mudah di operasikan. 
resseler respon cepat.",0
Abdul,5,6 bulan lalu,,Barang sesuai pengiriman jg sesuai estimasi kurir jg ramah 👍,0
T***r,5,2 hari lalu,Varian: NEW! TV A 32 Pro 2026,"Jos, barang bagus. Semoga awet aamiin. Pengiriman jg cepat, pakai kargo cuma 24 jam.",0
Widiyanto,5,1 bulan lalu,Varian: NEW! TV A 32 Pro 2026,"Makasih min, kualitas barang bagus sesuai sama yg di inginkan",0
Sadikin,5,3 minggu lalu,Varian: NEW! TV A 32 Pro 2026,barang sesuai dengan spek pengiriman dari outlet cepat satset.. kurir ramah dan baik.. semangat teruss,0
Taudin,5,9 bulan lalu,Varian: A 32 Pro,"Mantap, cepat dikirim, gambar jernih, Terima kasih seller & Toped",0
aditya,5,11 bulan lalu,Varian: A 32 Pro,"ok, kualitas baik

cmn sayang pihak si cepat lelet banget",1
Anita,5,10 bulan lalu,Varian: A 32 Pro,"barang oke, hanya sayang aja admin nya gak responsif. di chat ga dibales sama sekali. barang delay sampe 2 hari baru di pickup. untungnya barang tetep oke. tolong diperba...",0
Ratna,5,7 bulan lalu,Varian: A 32 Pro,Packingnya aman rapih banget. pengoperasian mudah. Cakep tampilan TV nya,0
Didin,5,10 bulan lalu,Varian: A 32 Pro,"ga kecewa beli di ofisial store,pengiriman juga cepat banget,jne oke .terimakasih tokopedia dan store,dan kulir",2
P***i,5,Lebih dari 1 tahun lalu,,"Jozzz....TV nya manteppp. Simpel.
Recommended....",0
E***P,5,Lebih dari 1 tahun lalu,,"mantap, pesan jam 2 siang, jam 8 pagi dah nyampe",0
Ratu,5,11 bulan lalu,,"Pengiriman cepat, packing aman, harga dan kualitas produk sesuai",0
S***a,5,4 bulan lalu,,"Pengiriman lebih cepat dari perkiraan , packaging rapi dan aman. Semoga barangnya juga bagus dan awet.",0
Qorib,5,Lebih dari 1 tahun lalu,,mantaappppppp,1
Yasir,5,Lebih dari 1 tahun lalu,,menyala bosq,3
R***i,5,Lebih dari 1 tahun lalu,,mantap bagus,1
O***a,5,3 bulan lalu,,"barang original dan sampai dengan aman walaupun tanpa packing kayu
xiaomi emang mantap
dpt hrg promo 1,3 an hehehe
sukses selalu ya xiaomi dan tokped 😁",0
Sulistiyono,5,4 bulan lalu,,"Barang original, pengiriman cepat dan diskonnya luar biasa .. saya hanya bayar 1,6 jt untuk barang seharga 1,9 jt .. sering-sering aja baik hati kayak gini ya kak .. 😁",0
Hendris,5,10 bulan lalu,Varian: A 32 Pro,"Barang original. Dapat garansi resmi,installnya juga mudahh. Semua berfungsi dengan baik.Mantappp.!!!",1
Roby,5,11 bulan lalu,Varian: A 32 Pro,"tv sudah diterima kondisi dengan baik, sdh di coba dan bagus semua berfungsi. pengiriman cepat. semoga awet",0
Luthfi,5,9 bulan lalu,Varian: A 32 Pro,lumayan puass,0
Imam,5,Lebih dari 1 tahun lalu,,"Sudah diterima, sesuai pesanan, terima kasih ...",0
A***e,2,11 bulan lalu,,Remote nya rusak tidak bisa di gunakan,4
Deni,5,8 bulan lalu,Varian: A 32 Pro,mantap sampe di tujuan.dengan waktu lebih cepat,0
Joko,5,9 bulan lalu,Varian: A 32 Pro,mantap 👍,1
sunarto,5,Lebih dari 1 tahun lalu,,"ok.. bagus, sesuai deskripsi.. pengiriman cepat",0
Nathan,1,Lebih dari 1 tahun lalu,,"respon penjual kurang baik, ada kendala di barang, barang sudah rusak kenapa masih dikirim alhasil terjadi proses retur dan klaim yang mana menambah cosz pengeluaran saya...",31
r***i,5,9 bulan lalu,Varian: A 32 Pro,alhamdulillah toko amanah tv nya sesuai pesanan,0
arsya,1,1 bulan lalu,Varian: A 32 Pro,"layar hanya hitam muncul garis garis putih tapi suara ada ?

bagaimana saya claim garansi ?

baru 7 bulan sudah bermasalah",2
Wendi,5,1 bulan lalu,Varian: NEW! TV A 32 Pro 2026,Bagusss…,0
M***d,5,6 bulan lalu,Varian: A 32 Pro,mantapppp,0
M***d,5,2 bulan lalu,Varian: NEW! TV A 32 Pro 2026,Hooh Tenan,2
Wuri,5,8 bulan lalu,Varian: A 32 Pro,Semua ok…..sesuai spesifikasi pengiriman ok,0
sandika,5,Lebih dari 1 tahun lalu,,barang original kualitas tidak diragukan lagi,2
anisa,5,Hari ini,Varian: NEW! TV A 32 Pro 2026,mantaaap,0
fauzan,5,7 bulan lalu,Varian: A 32 Pro,"jernih mantap pokoknya dengan harga segitu,",0
Riza,5,Lebih dari 1 tahun lalu,,Mantapp,1
Muhammad,5,2 minggu lalu,Varian: NEW! TV A 32 Pro 2026,sesuai,2
Sukiyo,5,9 bulan lalu,Varian: A 32 Pro,unit aman walaupun hanya pake bublewrap...,0
I***u,5,Lebih dari 1 tahun lalu,,"barang sampai dengan selamat, terimakasih.",0
Shemi,5,Lebih dari 1 tahun lalu,,"original dan barang sampai dg aman, mantap",0
I***n,5,Lebih dari 1 tahun lalu,,mantep,2
Supranto,5,2 bulan lalu,Varian: NEW! TV A 32 Pro 2026,"mantap.. 
original
gambar tajam dan jelas",0
rafli,5,Lebih dari 1 tahun lalu,,terharu bisa beliin TV baru buat ibu🥺,3
Lie,5,Lebih dari 1 tahun lalu,,Terima kasih atas pelayanan yang baik.,0
Panji,5,Lebih dari 1 tahun lalu,,oke,0
Imam,5,Lebih dari 1 tahun lalu,,"barang sesuai, pengiriman sangat cepat",0
rusdi,5,5 bulan lalu,,"mantaap berfungsi dan sesuai harapan,",0
danwin,5,Lebih dari 1 tahun lalu,,produk oke banget buat harga ekonomis,0
pramada,5,Lebih dari 1 tahun lalu,,Tv diterima dan berfungsi dengan baik,0
Muhammad,5,Lebih dari 1 tahun lalu,,Barang aman sampe tujuan qualitas oke,0
Sopian,5,3 minggu lalu,Varian: NEW! TV A 32 Pro 2026,official store memang nyaman belanja,0
BUNASA,5,Lebih dari 1 tahun lalu,,"sesuai deskripsi, original dan bagus",0
Ibrahim,4,1 bulan lalu,Varian: NEW! TV A 32 Pro 2026,agak deg-degan karena dibungkus cuma pakai buble wrap,0
T***a,4,Lebih dari 1 tahun lalu,,"ok sudah datang dengan selamat, semoga awet. thanks tim Xiaomi Indonesia dan kurir anteraja 👍👍👍",0
liiks,5,Lebih dari 1 tahun lalu,,mudah mudahan aman belum di unboxing,0
M***d,5,Lebih dari 1 tahun lalu,,pengiriman cepat dan mantap hasilnya,0
h***g,4,Lebih dari 1 tahun lalu,,"Barang aman , tetapi pengiriman telat 1 hari, kalau bisa harus lebih tepat waktu",0
anang,5,5 bulan lalu,,mantapp barang berfungsi dengan baik,0
kiki,5,2 bulan lalu,Varian: NEW! TV A 32 Pro 2026,"barang original,penjual respon cepat",0
Ochiem,5,Lebih dari 1 tahun lalu,,"Sesuai, sampai dengan selamat 👍",0
E***i,5,Lebih dari 1 tahun lalu,,barang sesuai dengan yg diinginkan,0
a***g,5,8 bulan lalu,Varian: A 32 Pro,Pengiriman cepat dan barang bagus,0
D***i,5,9 bulan lalu,Varian: A 32 Pro,"terima kasih, pelayanannya cepat",0
Bobby,5,Lebih dari 1 tahun lalu,,barang ori mantap. semoga awet,0
M***i,5,9 bulan lalu,Varian: A 32 Pro,bagus..sesuai..semoga awet ya...,0
Ari,4,8 bulan lalu,Varian: A 32 Pro,"Barang diterima dengan baik, penjual juga responsif tapi kendala hanya pada expedisi yang kurang memuaskan masa barang datang 20 hari setelah pesen",1
Bewen,1,12 bulan lalu,,"Barang yg dikirim tanpa remote, dan tanpa baut. Udah di komplain blm direspond",2
Siti,5,Lebih dari 1 tahun lalu,,"Barang bagus, pengeriman cepet",0
Hadi,4,5 bulan lalu,,"Pelayanan toko sih oke banget, product juga udah ga diragukan krn xiaomi. Cuman pemilihan expedisi utk kargo yg perlu di pertimbangkan lagi. lama banget. thanks",0
Edi,5,11 bulan lalu,,mantap barang keren👍👍👍,0
Lica,1,Lebih dari 1 tahun lalu,,Kalau saja cs tokped informatif dan bisa ngarahin kemana bida klaim garansi. Saya ga akan kasih bintang 1,7
Arjun,1,Lebih dari 1 tahun lalu,,"BARANG YANG DI TRIMA RUSAK, LCD PECAH TOKO TDK ADA SOLUSI DAN TDK BERTANGGUNG JAWAB ATAS BARANG RUSAKNYG SAYA TERIMA, SAYA HANYA DI ARAHKAN UTK MENGISI KLAIM BRANG RUSAK...",33
B***o,5,3 minggu lalu,Varian: NEW! TV A 32 Pro 2026,"pengiriman cepat, bagus 👍",0
Tugiono,5,2 bulan lalu,Varian: NEW! TV A 32 Pro 2026,barang bagus sesuai mantaps,0
Dwi,5,Lebih dari 1 tahun lalu,,Barang Mantappp Terimakasih,0
Muhammad,5,Lebih dari 1 tahun lalu,,barang sdh sesuai deskripsi,0
W***a,5,8 bulan lalu,Varian: A 32 Pro,Ibu saya suka terima kasih,0
Agus,5,2 bulan lalu,Varian: NEW! TV A 32 Pro 2026,biar bintang yg berbicara,0
Muhammad,5,10 bulan lalu,Varian: A 32 Pro,barang sampai dgn selamat,0
Laurence,5,1 bulan lalu,Varian: NEW! TV A 32 Pro 2026,Barang kualitasnya bagus.,0
dio,5,9 bulan lalu,Varian: A 32 Pro,kiriman cepet barang aman,0
G***i,5,Lebih dari 1 tahun lalu,,"barang original, harga ok",0
B***a,5,1 bulan lalu,Varian: NEW! TV A 32 Pro 2026,"Bagus, sesuai harga. TOP",0
Dwi,5,Lebih dari 1 tahun lalu,,tv nya bagus saya suka.,0
i***i,5,10 bulan lalu,Varian: A 32 Pro,Sesuai. packing aman.,0
Septian,3,Lebih dari 1 tahun lalu,,"respon nya kurang ,
remote nya rusak tidak berfungsi,
udah complain tapi g ad solusinya",1
R***t,5,1 bulan lalu,Varian: NEW! TV A 32 Pro 2026,blm di coba semoga aman,0
S***q,5,9 bulan lalu,Varian: A 32 Pro,"Mantappp, Semoga awet",0
A***a,5,Lebih dari 1 tahun lalu,,bagus sesuai trims,0
Judoot,5,Lebih dari 1 tahun lalu,,"Barang oke, thankyouu",0
R***u,5,Lebih dari 1 tahun lalu,,Bagus kak terimakasih,1
D***i,5,Lebih dari 1 tahun lalu,,"barang sesuai, Mantap",0
Muhammad,5,5 bulan lalu,,memuaskan....thanks,0
T***A,5,2 hari lalu,Varian: NEW! TV A 32 Pro 2026,cakep bgt gambarnya,0
tongkito,5,1 bulan lalu,Varian: NEW! TV A 32 Pro 2026,antek antek Aseng,0
Dodysesa,5,8 bulan lalu,Varian: A 32 Pro,bagus dan original,0
tongkito,5,1 bulan lalu,Varian: NEW! TV A 32 Pro 2026,cairkan thr kami,0
habdi,5,Lebih dari 1 tahun lalu,,"mantap,bergaransi",2
deni,5,1 bulan lalu,Varian: TV A 32 Pro 2025,tv nyaa bagusss,0
kholilah,5,Lebih dari 1 tahun lalu,,barang oke bagus,0
bagas,5,4 bulan lalu,,semoga awet mantap,0
Yugi,5,Lebih dari 1 tahun lalu,,Produk bagus...,0
meita,4,Lebih dari 1 tahun lalu,,Baru mau pasang belum di coba,0
J***h,5,Lebih dari 1 tahun lalu,,Barang sesuai!,0
M***y,5,4 bulan lalu,,mantap gan,0
tongkito,5,1 bulan lalu,Varian: NEW! TV A 32 Pro 2026,hidup jokiwir,0
Lili,5,2 minggu lalu,Varian: NEW! TV A 32 Pro 2026,original,0
Jp,5,1 bulan lalu,Varian: NEW! TV A 32 Pro 2026,Barang mantap,0
s***d,5,6 bulan lalu,,ok bagus,3
r***i,5,Lebih dari 1 tahun lalu,,barang bgs,0
Aksar,5,Lebih dari 1 tahun lalu,,barang ori,0
Afsheen,5,6 bulan lalu,Varian: A 32 Pro,TOP BGT,0
F***d,5,1 minggu lalu,Varian: NEW! TV A 32 Pro 2026,mantap.,0
AHY,5,1 minggu lalu,Varian: NEW! TV A 32 Pro 2026,mantaps,0
tongkito,5,2 bulan lalu,Varian: NEW! TV A 32 Pro 2026,mantaps,0
Sigit,5,5 bulan lalu,,mantul,0
yogi,5,Lebih dari 1 tahun lalu,,goodd,0
tongkito,5,1 bulan lalu,Varian: NEW! TV A 32 Pro 2026,oke aja,0
C***a,5,Lebih dari 1 tahun lalu,,Mantap...,0
galih,5,11 bulan lalu,Varian: A 32 Pro,mantap,0
AHY,5,2 bulan lalu,Varian: NEW! TV A 32 Pro 2026,mantap,0
tongkito,5,2 bulan lalu,Varian: NEW! TV A 32 Pro 2026,pancen oyee,0
I***a,5,Lebih dari 1 tahun lalu,,ori bagus,0
tongkito,5,1 minggu lalu,Varian: NEW! TV A 32 Pro 2026,ntaps,0
B***i,5,3 minggu lalu,Varian: NEW! TV A 32 Pro 2026,cakep,0
Farid,2,Lebih dari 1 tahun lalu,,"klaim asuransi sangat lama, hampir 1 bulan, tokopedia lama menanggapi, keamanan pengiriman dari xiaomi juga pake bubble aja, komplain dilempar ke ekspedisi, ekspedisi dil...",2
Tito,5,Lebih dari 1 tahun lalu,,😇👍,0
Muhhamad,5,10 bulan lalu,Varian: A 32 Pro,bagus,0
ircham,5,Lebih dari 1 tahun lalu,,mantapp,0
Anaknya,5,Lebih dari 1 tahun lalu,,goodjob,0
Jimmy,5,Lebih dari 1 tahun lalu,,mantap,0
Deni,5,Lebih dari 1 tahun lalu,,keren,0
Dyas,5,Lebih dari 1 tahun lalu,,ok,0
Nur,1,11 bulan lalu,Varian: A 32 Pro,"Barang memang sudah sampai, tapi masalahnya tolong di tingkatkan lagi komunikasi antara pembeli dan penjual. Chat sama sekali tidak di balas dari hari H hingga sekarang....",3
Krisjaya,5,Lebih dari 1 tahun lalu,,Top bgt,0
A***s,5,11 bulan lalu,Varian: A 32 Pro,"Barang sesuai yg dipesan. Proses cepat. 
Layar TV sempat ada bagian screen putih di tengah, tapi setelah di lap dengan kain, layar normal kembali. Sempat chat tanya ke to...",0
HESTI,5,Lebih dari 1 tahun lalu,,barang original,1
adil,5,Lebih dari 1 tahun lalu,,barang bagus,0
d***i,5,Lebih dari 1 tahun lalu,,"barang tiba dengan selamat, berfungsi normal jos, semoga awet",2
w***k,4,Lebih dari 1 tahun lalu,,mantap... sesuai deskripsi... respon cepat,0
Rifqi,5,Lebih dari 1 tahun lalu,,original,0
Swastika,5,Lebih dari 1 tahun lalu,,"barang bagus, semua berfungsi dengan baik. harga mantap",0
M***S,5,Lebih dari 1 tahun lalu,,bantal yang tidak ada yang telah berpartisipasi dalam bahasa Inggris yang telah ditebang,1
Wendy,5,Lebih dari 1 tahun lalu,,"Packing bagus, barang bagus, kualitas sesuai dengan harganya",0
lyo,5,Lebih dari 1 tahun lalu,,"barang bagus... kualitas juga mantap pas beli ada update 1,6 gb tapi worth it sih",3
Sandy,5,Lebih dari 1 tahun lalu,,Mantap pengiriman aman dan kualitas bagus😁 (maaf baru ngulas),4
Imam,5,4 bulan lalu,,terbaik emang xiaomi,0
Shidik,5,4 bulan lalu,,"Proses cepat, produk sesuai deskripsi, kualitas oke.. tapi sempat khawatir pas barang datang karena hanya pake bublewrap, karena biasanya kalau elektronik besar pake pale...",0
Andy,5,3 bulan lalu,,"barang nya mantap. 
sudah dicoba untuk nonton YouTube, kemudian nonton file dari HD Eksternal, dan main Game PS dari HDMI nya. Recomended banget",0
t***o,5,1 bulan lalu,Varian: NEW! TV A 32 Pro 2026,boleh aja buat para penggemar gaya Harajuku style,0
A***m,5,1 bulan lalu,Varian: NEW! TV A 32 Pro 2026,"lumayan bagus di kelas harganya, syang RAM kecil",0
Aris,5,1 bulan lalu,Varian: NEW! TV A 32 Pro 2026,belum dibuka terimakasih,0
moh,5,2 bulan lalu,Varian: NEW! TV A 32 Pro 2026,ok,0
agus,5,Lebih dari 1 tahun lalu,,"barang ORI,mudah penggunaan nya, barang nya sesuai deskripsi bagus, pengiriman aman",0
Ali,5,4 bulan lalu,,TV nya Bagus DTS SOUND Bezel tipis,3
Rony,5,1 bulan lalu,Varian: NEW! TV A 32 Pro 2026,"Harga bagus, barang juga sesuai",0
Muhamad,5,2 bulan lalu,Varian: TV A 32 Pro 2025,Thank admin . Beli yang ke 2 kali nya . Respons cepat pengiriman cepat,0
A***i,5,2 bulan lalu,Varian: TV A 32 Pro 2025,barang original dan bergaransi resmi. alhamdulillah sejauh ini tidak ada kendala... semoga awet,0
Mriyadulkhoer,5,1 bulan lalu,Varian: NEW! TV A 32 Pro 2026,"Alhamdulillah 
Mendarat dengan selamat dan baik 
Mantap",0
saefuloh,5,2 bulan lalu,Varian: NEW! TV A 32 Pro 2026,barang sudah diterima dengan aman produk 100% original,3
Erlinda,5,2 bulan lalu,Varian: NEW! TV A 32 Pro 2026,"barang okee bangett, sesuai keinginan
packingnya ga pake kayu tapi aman banget smpe tmpt❤️‍🔥",6
Erik,5,2 bulan lalu,Varian: NEW! TV A 32 Pro 2026,"layaknya Smartphone yg gak pake kuota, sama halnya ini SmartTV yg gak pake koneksi internet (WiFi rumah), cuma untuk siaran TV Digital (D-TV) pake Antena.
berjalan normal...",2
M***d,5,2 bulan lalu,Varian: NEW! TV A 32 Pro 2026,Kualitas produk baik,0
